Mood,artist_name,popularity,danceability,energy,key,loudness,mode,speechiness,acousticness,instrumentalness,liveness,valence,tempo,duration_ms
Happy,David Guetta,95,0.561,0.965,7,-3.673,0,0.0343,0.00383,7.07e-06,0.371,0.304,128.04,175238
Happy,OneRepublic,95,0.704,0.797,0,-5.927,1,0.0475,0.0826,0.000745,0.0546,0.825,139.994,148486
Happy,Dua Lipa,94,0.671,0.845,11,-4.93,0,0.048,0.0207,0.0,0.329,0.775,110.056,176579
Happy,The Weeknd,94,0.514,0.73,1,-5.934,1,0.0598,0.00146,9.54e-05,0.0897,0.334,171.005,200040
Happy,Harry Styles,92,0.548,0.816,0,-4.209,1,0.0465,0.122,0.0,0.335,0.557,95.39,174000
Happy,Coi Leray,90,0.954,0.516,6,-5.817,1,0.16,0.03,7.54e-06,0.0504,0.624,105.001,139560
Happy,Walk off the Earth,79,0.745,0.681,7,-7.91,1,0.0361,0.0696,0.0,0.164,0.613,115.0,160300
Happy,Nicki Minaj,89,0.77,0.58,0,-8.393,1,0.247,0.519,0.000127,0.233,0.753,144.072,109750
Happy,David Guetta,94,0.602,0.91,7,-3.404,1,0.0308,0.00126,0.000174,0.12,0.228,127.944,140018
Happy,Ed Sheeran,89,0.788,0.859,2,-2.724,1,0.0856,0.281,0.0,0.0424,0.822,141.02,207853
Happy,Meghan Trainor,88,0.838,0.525,10,-3.562,1,0.0665,0.345,1.92e-06,0.0771,0.884,144.981,134256
Happy,Mae Stephens,88,0.898,0.732,7,-3.982,1,0.0427,0.621,1.29e-05,0.0908,0.96,115.955,142759
Happy,Mark Ronson,87,0.856,0.609,0,-7.223,1,0.0824,0.00801,8.15e-05,0.0344,0.928,114.988,269667
Happy,Farruko,87,0.762,0.766,7,-3.955,1,0.0343,0.00776,6.98e-05,0.128,0.442,130.001,287120
Happy,Justin Bieber,86,0.677,0.696,0,-6.181,1,0.119,0.321,0.0,0.42,0.464,90.03,198082
Happy,Lil Nas X,86,0.737,0.846,1,-4.51,0,0.22,0.00614,0.0,0.0486,0.546,87.981,143901
Happy,Alessandra,85,0.563,0.908,4,-4.25,0,0.0868,0.0696,0.0,0.328,0.171,125.972,147980
Happy,Kylie Minogue,85,0.746,0.622,5,-7.923,1,0.241,0.201,0.00113,0.104,0.719,128.101,166267
Happy,Jax Jones,85,0.701,0.88,10,-4.56,0,0.0358,0.182,7.33e-06,0.0649,0.623,124.039,181958
Happy,Taylor Swift,85,0.771,0.671,2,-5.617,1,0.0553,0.00929,0.0,0.0637,0.714,85.026,171360
Happy,BTS,85,0.746,0.765,6,-4.41,0,0.0993,0.0112,0.0,0.0936,0.737,114.044,199054
Happy,Marshmello,85,0.912,0.774,0,-4.673,0,0.0455,0.121,0.0127,0.101,0.632,119.966,155589
Happy,Pharrell Williams,84,0.647,0.822,5,-4.662,0,0.183,0.219,0.0,0.0908,0.962,160.019,232720
Happy,Harry Styles,84,0.72,0.715,11,-4.652,1,0.04,0.258,0.0568,0.107,0.357,107.041,193813
Happy,Anne-Marie,84,0.697,0.683,1,-2.881,0,0.117,0.0372,0.0,0.137,0.603,96.133,186987
Happy,R3HAB,84,0.662,0.821,2,-4.103,0,0.13,0.202,0.0,0.522,0.47,124.077,137419
Happy,Jonas Brothers,84,0.842,0.734,1,-5.065,0,0.0588,0.0427,0.0,0.106,0.952,137.958,181027
Happy,OneRepublic,84,0.697,0.875,5,-4.621,1,0.034,0.137,0.0,0.28,0.774,140.069,163855
Happy,Ava Max,84,0.637,0.69,1,-4.057,0,0.0405,0.00786,0.0,0.124,0.457,129.857,162399
Happy,George Ezra,84,0.685,0.738,8,-4.413,1,0.0595,0.0695,0.0,0.128,0.8,112.972,167614
Happy,Coldplay,84,0.588,0.701,9,-6.39,1,0.0402,0.00813,0.0,0.2,0.443,104.988,228000
Happy,American Authors,83,0.673,0.902,2,-2.392,1,0.0346,0.0591,0.000262,0.0558,0.538,100.012,194240
Happy,Riton,83,0.824,0.862,2,-3.424,1,0.126,0.0076,0.000132,0.303,0.801,122.98,169153
Happy,Lil Nas X,83,0.593,0.503,8,-6.725,0,0.22,0.293,0.0,0.405,0.71,178.781,137704
Happy,George Ezra,84,0.717,0.455,5,-8.303,1,0.0276,0.0846,0.0,0.11,0.389,127.812,200733
Happy,David Guetta,83,0.601,0.713,4,-3.758,0,0.0449,0.0282,0.0,0.158,0.464,122.872,169756
Happy,Lizzo,83,0.836,0.743,10,-6.305,0,0.0656,0.0995,0.0,0.335,0.722,108.966,191822
Happy,Ed Sheeran,83,0.461,0.834,2,-4.868,1,0.0989,0.0232,1.14e-05,0.14,0.471,135.007,261154
Happy,Camila Cabello,83,0.756,0.697,8,-6.377,1,0.0401,0.182,0.0,0.333,0.956,94.996,206071
Happy,Joel Corry,83,0.734,0.874,8,-3.158,1,0.0662,0.168,1.14e-05,0.0489,0.905,122.953,166028
Happy,Niall Horan,83,0.57,0.756,5,-3.394,1,0.0257,0.0497,0.0,0.33,0.72,91.972,186043
Happy,Shawn Mendes,82,0.759,0.54,9,-6.039,0,0.0287,0.037,0.0,0.0945,0.75,116.947,190960
Happy,Taylor Swift,82,0.61,0.83,0,-4.105,1,0.0571,0.033,0.0,0.118,0.728,182.162,193000
Happy,Elton John,82,0.667,0.75,0,-4.602,1,0.0906,0.0746,0.000198,0.197,0.486,126.041,202246
Happy,Jax Jones,82,0.763,0.782,7,-4.541,0,0.0346,0.182,7.08e-06,0.293,0.502,127.034,177689
Happy,KAROL G,82,0.893,0.851,3,-5.342,0,0.0979,0.145,6.49e-05,0.319,0.959,110.002,166882
Happy,Jonas Brothers,82,0.729,0.763,10,-4.407,1,0.0363,0.033,1e-06,0.192,0.864,126.002,145441
Happy,Mac Miller,82,0.735,0.812,2,-4.417,1,0.151,0.528,0.0,0.186,0.584,109.829,162876
Happy,Majestic,82,0.758,0.913,6,-2.926,0,0.113,0.00364,6.92e-05,0.193,0.658,128.04,186210
Happy,Jason Derulo,82,0.774,0.792,10,-4.021,1,0.0523,0.051,0.0,0.155,0.507,122.062,139672
Happy,Joel Corry,81,0.787,0.833,8,-4.403,1,0.0478,0.018,0.00747,0.0374,0.796,123.97,162604
Happy,Doja Cat,81,0.762,0.701,8,-3.541,1,0.0286,0.235,0.000158,0.123,0.742,110.968,208867
Happy,BTS,81,0.759,0.459,8,-5.187,1,0.0948,0.00323,0.0,0.0788,0.695,109.997,164952
Happy,NEIKED,81,0.717,0.671,0,-5.077,0,0.0337,0.0018,2.54e-06,0.0921,0.699,110.054,160657
Happy,Becky G,81,0.699,0.529,2,-7.548,1,0.0487,0.0317,3.59e-05,0.285,0.121,119.987,206167
Happy,Lizzo,81,0.721,0.769,7,-4.111,1,0.105,0.0922,0.0,0.0817,0.915,155.932,187108
Happy,Sam Smith,81,0.698,0.895,0,-4.439,1,0.0628,0.172,1.45e-05,0.409,0.838,114.914,229605
Happy,Dua Lipa,81,0.794,0.793,11,-4.521,0,0.0842,0.0125,0.0,0.0952,0.677,123.941,183290
Happy,Charli XCX,81,0.652,0.879,0,-6.405,1,0.0784,0.00284,0.0896,0.0918,0.789,173.925,117810
Happy,Becky Hill,80,0.612,0.862,8,-2.903,1,0.037,0.041,0.0,0.0907,0.354,123.849,160766
Happy,Ed Sheeran & Justin Bieber,80,0.798,0.675,6,-5.041,1,0.0442,0.0912,0.0,0.0894,0.842,101.956,219947
Happy,Shawn Mendes,80,0.776,0.808,11,-4.501,1,0.117,0.0297,0.000127,0.103,0.494,123.988,184104
Happy,Kim Petras,80,0.681,0.513,3,-6.643,0,0.0388,0.069,0.0,0.125,0.167,136.985,185113
Happy,Ava Max,80,0.614,0.934,9,-3.709,0,0.07,0.0697,0.0,0.121,0.436,116.001,174760
Happy,Galantis,79,0.595,0.784,1,-4.878,1,0.102,0.216,0.0,0.0608,0.479,124.111,183726
Happy,Taylor Swift,79,0.664,0.316,5,-10.345,1,0.519,0.298,2.03e-06,0.0812,0.541,92.875,170640
Happy,Kygo,79,0.693,0.678,8,-7.159,1,0.0324,0.0151,5.71e-06,0.101,0.404,103.952,228267
Happy,Jubël,79,0.659,0.615,11,-5.865,0,0.0644,0.27,0.0,0.187,0.193,119.843,164010
Happy,Jason Derulo,79,0.789,0.711,2,-4.248,1,0.041,0.0332,0.0,0.0876,0.753,112.985,190306
Happy,Brenn!,79,0.792,0.518,1,-10.519,1,0.0847,0.326,0.000182,0.406,0.512,128.025,265454
Happy,Latto,79,0.792,0.874,1,-2.966,1,0.0852,0.0158,0.000365,0.071,0.934,113.969,186762
Happy,Walker Hayes,79,0.647,0.765,1,-6.459,1,0.06,0.111,0.0,0.315,0.855,79.994,161853
Happy,Dominic Fike,79,0.815,0.518,7,-6.594,0,0.0897,0.223,0.0,0.104,0.877,151.891,177667
Happy,Edison Lighthouse,79,0.568,0.824,9,-4.613,1,0.0299,0.403,0.0,0.0855,0.753,108.625,174760
Happy,Alok,79,0.675,0.986,9,-4.606,0,0.0974,0.0868,4.96e-06,0.128,0.57,126.004,146501
Happy,Tones And I,78,0.824,0.587,6,-6.401,0,0.0937,0.69,0.000105,0.149,0.514,98.029,209438
Happy,Tai Verdes,78,0.731,0.626,11,-6.919,1,0.0805,0.125,0.0,0.183,0.862,82.488,173640
Happy,Tiësto,78,0.748,0.841,7,-5.08,1,0.177,0.00445,1.33e-06,0.0413,0.717,123.045,129817
Happy,Justin Timberlake,78,0.669,0.832,0,-5.721,1,0.0682,0.0106,0.0,0.0968,0.7,113.035,237547
Happy,Ritt Momney,78,0.399,0.491,6,-10.778,0,0.0538,0.0563,0.00089,0.11,0.151,91.066,210463
Happy,Social House,77,0.769,0.479,1,-5.339,1,0.0385,0.66,0.0,0.0914,0.803,96.051,164640
Happy,P!nk,77,0.668,0.802,5,-4.005,0,0.0917,0.0273,0.0,0.163,0.769,113.796,225789
Happy,Post Malone,77,0.48,0.895,2,-4.872,1,0.0426,0.00183,0.0,0.111,0.356,169.945,184005
Happy,Master KG,77,0.88,0.483,1,-7.012,1,0.0505,0.0185,8.68e-06,0.0607,0.827,124.009,342613
Happy,George Ezra,77,0.662,0.807,10,-3.285,1,0.0411,0.293,3.55e-06,0.189,0.772,103.031,187682
Happy,Jonas Blue,77,0.621,0.747,11,-5.084,1,0.0337,0.222,0.000194,0.147,0.426,124.015,188894
Happy,Hot Shade,76,0.654,0.787,4,-4.999,1,0.0502,0.00515,0.0,0.144,0.409,123.979,164490
Happy,Megan Thee Stallion,76,0.814,0.628,7,-7.178,1,0.221,0.167,0.0,0.101,0.677,123.977,201334
Happy,Jonas Brothers,76,0.852,0.698,9,-7.206,1,0.0629,0.00839,1.03e-06,0.0773,0.324,113.039,180645
Happy,P!nk,76,0.476,0.594,5,-6.879,1,0.135,0.0599,0.0,0.0785,0.314,159.702,141050
Happy,OneRepublic,76,0.682,0.72,11,-8.173,0,0.0381,0.326,0.0,0.148,0.673,117.003,169011
Happy,Ed Sheeran,76,0.64,0.648,5,-8.113,0,0.187,0.124,0.0,0.0802,0.548,92.977,197867
Happy,Yung Gravy,76,0.723,0.772,1,-6.784,1,0.0792,0.00524,1.15e-05,0.367,0.58,102.004,146471
Happy,The Chainsmokers,76,0.575,0.571,1,-7.906,1,0.0439,0.0558,0.0,0.0912,0.449,105.049,197947
Happy,Lady Gaga,76,0.672,0.855,9,-3.764,1,0.0397,0.021,0.0,0.323,0.646,123.056,182200
Happy,Coldplay,76,0.507,0.828,10,-6.023,1,0.0449,0.00711,2.44e-05,0.261,0.489,178.032,211295
Happy,Justin Wellington,76,0.862,0.753,5,-5.356,1,0.0625,0.131,2.01e-06,0.077,0.827,105.039,182857
Happy,Kygo,75,0.75,0.797,0,-4.826,1,0.118,0.293,0.0,0.392,0.523,105.949,215203
Happy,Nathan Evans,75,0.722,0.893,0,-3.255,0,0.0475,0.0441,0.000937,0.0673,0.439,119.932,116750
Happy,Lizzo,75,0.464,0.724,7,-5.019,1,0.0705,0.0188,0.0,0.679,0.303,82.526,174749
Sad,Alec Benjamin,90,0.652,0.557,1,-5.714,0,0.0318,0.74,0.0,0.124,0.483,150.073,169354
Sad,Coldplay,89,0.557,0.442,5,-7.224,1,0.0243,0.731,1.46e-05,0.11,0.213,146.277,309600
Sad,Ed Sheeran,89,0.614,0.379,4,-10.48,1,0.0476,0.607,0.000464,0.0986,0.201,107.989,258987
Sad,Sam Smith,88,0.681,0.372,5,-8.237,1,0.0432,0.64,0.0,0.169,0.476,91.873,201000
Sad,Olivia Rodrigo,87,0.369,0.272,9,-10.497,1,0.0364,0.866,0.0,0.147,0.218,172.929,152667
Sad,Harry Styles,86,0.567,0.267,4,-6.502,1,0.0299,0.839,1.46e-06,0.089,0.0592,110.011,240133
Sad,Billie Eilish,86,0.367,0.111,4,-14.084,1,0.0972,0.978,3.97e-05,0.0897,0.198,82.642,196077
Sad,Tate McRae,85,0.667,0.373,4,-9.389,1,0.05,0.785,0.0,0.0906,0.0823,124.148,169266
Sad,Bad Bunny,84,0.672,0.594,1,-6.813,0,0.0789,0.0626,5.14e-05,0.152,0.158,171.854,169248
Sad,Sam Smith,88,0.677,0.485,5,-5.795,1,0.0361,0.529,2.04e-05,0.0766,0.493,82.001,239317
Sad,Pablo Alborán,58,0.278,0.572,7,-8.295,1,0.0407,0.392,0.0,0.063,0.311,95.351,253760
Sad,Billie Eilish,92,0.351,0.296,4,-10.109,0,0.0333,0.934,0.0,0.095,0.12,115.284,200186
Sad,Babi,63,0.733,0.424,10,-9.855,0,0.299,0.661,0.0521,0.116,0.209,144.912,242547
Sad,Lewis Capaldi,92,0.501,0.405,1,-5.679,1,0.0319,0.751,0.0,0.105,0.446,109.891,182161
Sad,Tom Odell,94,0.445,0.537,4,-8.532,0,0.04,0.695,1.65e-05,0.0944,0.131,122.769,244360
Sad,Coldplay,87,0.209,0.417,3,-8.74,1,0.0338,0.164,0.00196,0.113,0.124,138.178,295533
Sad,James Arthur,84,0.311,0.485,6,-5.726,0,0.0365,0.701,0.0,0.0726,0.225,77.355,208827
Sad,Conan Gray,89,0.357,0.425,5,-7.301,1,0.0333,0.584,0.0,0.322,0.27,102.078,198040
Sad,Kodaline,83,0.188,0.411,0,-9.733,1,0.0484,0.174,0.153,0.0843,0.159,187.376,305747
Sad,Ali Gatie,83,0.732,0.463,11,-6.972,0,0.0287,0.374,0.0,0.194,0.397,95.971,212607
Sad,Sasha Alex Sloan,82,0.629,0.328,11,-8.284,1,0.029,0.768,2.5e-05,0.103,0.389,74.953,197732
Sad,Adele,82,0.556,0.319,9,-8.251,1,0.0281,0.893,0.0,0.0996,0.294,135.187,285240
Sad,Ed Sheeran,82,0.522,0.385,0,-7.355,1,0.0288,0.536,0.0,0.135,0.236,89.792,207520
Sad,SLANDER,82,0.541,0.153,6,-10.654,1,0.0303,0.882,1.66e-06,0.16,0.359,139.644,176972
Sad,Duncan Laurence,81,0.45,0.329,9,-12.603,0,0.0441,0.818,0.00109,0.135,0.266,71.884,183624
Sad,Kina,81,0.498,0.235,1,-16.541,0,0.188,0.72,0.0,0.144,0.0895,118.917,179080
Sad,Lord Huron,81,0.545,0.366,2,-9.51,1,0.0378,0.969,0.267,0.641,0.1,86.997,208212
Sad,Ed Maverick,81,0.83,0.159,1,-14.461,1,0.0383,0.946,2.02e-05,0.362,0.189,104.95,207400
Sad,JP Saxe,80,0.464,0.473,1,-10.086,1,0.129,0.866,0.0,0.109,0.604,75.801,208687
Sad,Kevin Kaarl,80,0.544,0.216,7,-17.237,1,0.0402,0.922,0.311,0.112,0.145,75.004,235471
Sad,WOS,80,0.654,0.354,5,-7.358,1,0.0738,0.724,0.0,0.134,0.262,81.956,183547
Sad,Lana Del Rey,79,0.566,0.647,1,-6.815,0,0.0335,0.0477,0.0,0.121,0.22,111.96,264773
Sad,Bad Bunny,79,0.749,0.418,9,-7.925,0,0.0587,0.985,0.000126,0.0832,0.307,147.887,153887
Sad,Adele,79,0.331,0.341,9,-6.057,0,0.0309,0.528,0.0,0.109,0.152,109.821,285935
Sad,Billie Eilish,79,0.319,0.0561,0,-23.023,1,0.045,0.935,0.00384,0.388,0.082,79.764,242652
Sad,Jaymes Young,79,0.502,0.168,1,-14.061,1,0.0486,0.885,0.0,0.111,0.355,112.881,228443
Sad,Leo Rizzi,77,0.784,0.689,4,-8.216,0,0.0385,0.759,0.00536,0.143,0.332,124.025,205716
Sad,Jesse & Joy,76,0.479,0.477,11,-6.886,1,0.0363,0.127,0.0,0.15,0.127,151.97,288893
Sad,Kevin Kaarl,80,0.675,0.16,0,-11.667,1,0.0586,0.985,0.00688,0.164,0.247,69.754,179094
Sad,Natalie Taylor,76,0.39,0.448,5,-8.57,0,0.0276,0.8,0.182,0.107,0.077,144.89,183103
Sad,Carla Morrison,76,0.622,0.117,2,-10.055,1,0.0382,0.969,0.0,0.0871,0.315,120.984,242447
Sad,David Bisbal,75,0.57,0.474,2,-6.809,1,0.0296,0.595,0.0,0.143,0.299,130.103,262440
Sad,Tom Odell,75,0.445,0.179,1,-12.938,1,0.0396,0.952,0.00056,0.107,0.119,72.246,193080
Sad,James Bay,75,0.559,0.473,0,-4.147,1,0.0364,0.177,1.5e-06,0.108,0.341,69.973,181360
Sad,Olivia O'Brien,74,0.407,0.416,6,-8.915,0,0.174,0.656,0.0,0.0981,0.246,176.947,175467
Sad,Natalia Lafourcade,74,0.667,0.287,0,-9.718,1,0.0334,0.769,3.61e-06,0.106,0.545,127.981,279213
Sad,Birdy,73,0.405,0.111,0,-11.879,1,0.0369,0.964,4.37e-05,0.0872,0.219,116.86,189475
Sad,Rels B,73,0.795,0.238,5,-20.338,1,0.369,0.487,0.000106,0.137,0.399,100.996,194851
Sad,Cali Y El Dandee,73,0.481,0.81,9,-5.704,1,0.133,0.234,0.0,0.0809,0.328,175.697,232253
Sad,La Oreja de Van Gogh,72,0.47,0.235,5,-7.298,1,0.038,0.933,0.0,0.095,0.134,103.87,239240
Sad,Noah Cyrus,71,0.53,0.281,5,-8.274,1,0.0577,0.798,0.0,0.0928,0.341,122.442,144377
Sad,C. Tangana,70,0.761,0.296,0,-10.22,1,0.0484,0.551,0.000492,0.134,0.579,127.938,167867
Sad,El David,70,0.505,0.207,7,-12.4,0,0.032,0.963,0.0122,0.103,0.323,109.708,144215
Sad,James Arthur,69,0.511,0.621,9,-8.751,1,0.123,0.471,9.72e-05,0.0893,0.266,129.885,233467
Sad,Alejandro Sanz,69,0.428,0.556,1,-4.967,1,0.0407,0.659,0.0,0.115,0.162,150.732,323027
Sad,La Oreja de Van Gogh,71,0.783,0.693,9,-5.056,1,0.027,0.622,8.3e-06,0.109,0.528,106.991,237027
Sad,Sam Smith,68,0.483,0.361,0,-7.889,1,0.0738,0.832,4.66e-06,0.098,0.307,171.649,193795
Sad,Demi Lovato,68,0.397,0.303,1,-10.413,1,0.11,0.798,4.16e-06,0.0824,0.17,170.22,197893
Sad,James Arthur,69,0.296,0.351,6,-9.538,1,0.0352,0.823,1.45e-06,0.11,0.19,177.06,212720
Sad,Delaossa,67,0.637,0.723,6,-4.476,1,0.187,0.615,0.0,0.075,0.708,91.784,258587
Sad,Pablo Alborán,67,0.512,0.455,0,-6.775,0,0.0332,0.0998,0.0,0.151,0.0759,143.149,287733
Sad,Bad Bunny,67,0.43,0.412,2,-5.372,1,0.0281,0.2,0.0,0.324,0.0508,90.872,157673
Sad,Guitarricadelafuente,66,0.512,0.263,9,-10.421,1,0.0855,0.875,0.0,0.11,0.359,98.6,190762
Sad,Bruses,65,0.709,0.366,8,-8.696,1,0.0472,0.0256,0.0,0.308,0.407,74.511,174000
Sad,Michael Schulte,65,0.531,0.347,0,-7.044,1,0.0345,0.905,0.0,0.0935,0.289,114.441,224743
Sad,Sam Smith,65,0.623,0.276,5,-8.893,0,0.0287,0.89,0.0,0.146,0.308,99.623,187621
Sad,Manuel Carrasco,65,0.602,0.681,1,-6.976,0,0.0517,0.468,0.0,0.068,0.505,89.923,229720
Sad,Charlie Rodd,65,0.7,0.42,0,-9.646,1,0.0304,0.724,0.000213,0.117,0.283,119.93,168125
Sad,Alessia Cara,64,0.389,0.373,6,-5.72,1,0.047,0.928,0.0,0.146,0.283,90.289,254507
Sad,Juanfran,64,0.827,0.629,6,-3.966,0,0.185,0.183,0.0,0.084,0.486,88.064,187500
Sad,Maisie Peters,64,0.396,0.177,5,-10.277,1,0.0378,0.718,0.0,0.139,0.221,177.215,201694
Sad,Babi,63,0.735,0.415,0,-10.608,1,0.501,0.41,0.000145,0.0686,0.631,81.994,271307
Sad,John Legend,63,0.372,0.355,8,-8.436,0,0.03,0.754,0.0,0.167,0.142,126.705,237427
Sad,Kevin Kaarl,63,0.532,0.329,4,-7.982,1,0.0258,0.469,0.00027,0.134,0.333,85.956,240000
Sad,KYR4,63,0.735,0.327,4,-7.844,0,0.0487,0.915,6.98e-05,0.171,0.661,99.907,165600
Sad,James Arthur,63,0.404,0.531,1,-4.328,1,0.103,0.215,0.0,0.0521,0.321,164.848,214227
Sad,Beret,63,0.706,0.478,11,-6.962,1,0.154,0.609,0.0,0.115,0.33,78.528,153050
Sad,Shawn Mendes,62,0.377,0.466,10,-6.927,1,0.0353,0.514,5.63e-05,0.0781,0.276,199.853,215813
Sad,Lewis Capaldi,61,0.467,0.359,3,-6.892,1,0.0815,0.843,0.0,0.0913,0.21,173.318,218769
Sad,El Canto Del Loco,61,0.644,0.784,8,-4.577,1,0.0286,0.0819,0.0,0.0765,0.918,132.028,175867
Sad,Noah Cyrus,60,0.618,0.428,7,-8.5,0,0.038,0.592,0.0,0.192,0.359,142.021,190183
Sad,Babi,60,0.622,0.432,1,-6.203,0,0.0575,0.544,0.0754,0.29,0.362,126.79,207354
Sad,Tom Odell,60,0.616,0.273,5,-12.47,1,0.0307,0.96,0.00105,0.165,0.314,128.04,182029
Sad,C. Tangana,60,0.612,0.198,10,-12.909,1,0.0363,0.686,0.000526,0.125,0.175,72.948,112440
Sad,Sam Smith,59,0.345,0.34,1,-9.337,1,0.0342,0.805,1.74e-05,0.125,0.302,136.222,257651
Anger,Muse,81,0.668,0.921,7,-3.727,1,0.0439,0.0492,0.00517,0.0877,0.782,120.0,212440
Anger,Alice Merton,48,0.63,0.884,5,-4.292,1,0.0489,0.00103,0.000102,0.268,0.637,134.981,186933
Anger,Bring Me The Horizon,65,0.589,0.797,9,-5.464,1,0.15,0.0289,4.35e-06,0.383,0.232,102.489,291813
Anger,YONAKA,59,0.633,0.788,5,-4.075,0,0.127,0.0111,1.6e-06,0.0582,0.412,134.13,161617
Anger,My Chemical Romance,84,0.463,0.857,4,-3.063,1,0.0632,0.0506,0.0,0.184,0.856,111.647,161920
Anger,Mother Mother,78,0.527,0.922,9,-2.666,0,0.0728,0.00475,0.000162,0.422,0.49,95.975,181680
Anger,Arctic Monkeys,91,0.548,0.532,5,-7.596,1,0.0323,0.186,0.000263,0.217,0.405,85.03,272394
Anger,Black Honey,51,0.546,0.76,9,-6.887,0,0.0399,0.00629,4.66e-05,0.0737,0.41,101.936,188027
Anger,Red Hot Chili Peppers,86,0.618,0.938,9,-3.442,1,0.0456,0.0179,0.0,0.167,0.875,91.455,269000
Anger,The White Stripes,69,0.417,0.63,9,-7.24,1,0.0898,0.0209,0.0134,0.0543,0.341,94.214,254533
Anger,Pierce The Veil,71,0.536,0.9,2,-4.407,1,0.0807,0.000974,0.000286,0.157,0.627,143.025,197373
Anger,Thirty Seconds To Mars,76,0.62,0.782,4,-5.326,0,0.058,0.0409,2.01e-06,0.259,0.551,123.117,182747
Anger,Twenty One Pilots,69,0.62,0.61,11,-8.329,0,0.0373,0.00849,0.162,0.205,0.235,127.052,238560
Anger,Turnstile,67,0.301,0.807,6,-6.258,1,0.0695,0.000881,0.112,0.0849,0.595,84.051,173280
Anger,Royal Blood,51,0.446,0.778,7,-4.774,1,0.173,0.000201,0.662,0.0492,0.683,94.508,209480
Anger,Highly Suspect,60,0.202,0.742,0,-5.29,1,0.124,0.00169,0.000483,0.128,0.155,194.876,196136
Anger,Limp Bizkit,52,0.698,0.891,6,-5.402,1,0.113,0.0741,2.96e-05,0.313,0.837,95.007,132206
Anger,Paramore,69,0.564,0.91,4,-6.853,0,0.0953,0.00021,2.32e-05,0.378,0.736,157.942,187697
Anger,KennyHoopla,63,0.545,0.987,9,-2.059,1,0.197,0.000185,0.0786,0.377,0.558,103.056,120150
Anger,Måneskin,85,0.75,0.608,1,-4.008,1,0.0387,0.00165,0.0,0.178,0.958,132.507,173347
Anger,Queens of the Stone Age,66,0.482,0.843,0,-5.909,1,0.288,0.0103,0.103,0.362,0.433,97.907,274282
Anger,Tame Impala,75,0.598,0.553,9,-6.742,0,0.0397,0.562,0.157,0.257,0.533,123.075,211227
Anger,Nothing But Thieves,72,0.649,0.74,9,-4.759,0,0.0617,0.02,0.0505,0.104,0.203,120.962,198799
Anger,K.Flay,49,0.575,0.64,6,-6.061,1,0.0455,0.00831,0.00173,0.161,0.565,93.991,225034
Anger,Wunderhorse,50,0.506,0.967,1,-4.464,0,0.0635,6.05e-05,0.195,0.0921,0.592,95.354,183467
Anger,Giant Rooks,51,0.646,0.82,10,-3.618,0,0.0521,0.026,0.000171,0.191,0.438,128.061,194480
Anger,Florence + The Machine,61,0.73,0.445,6,-8.376,0,0.0446,0.142,0.00109,0.107,0.075,105.976,280131
Anger,PVRIS,59,0.569,0.789,6,-4.686,0,0.138,0.0355,0.0,0.0505,0.876,164.978,130613
Anger,YUNGBLUD,53,0.514,0.949,8,-3.048,0,0.0872,0.000309,2.46e-05,0.29,0.608,160.063,175151
Anger,slowthai,48,0.358,0.839,2,-5.342,1,0.203,0.00031,0.00081,0.101,0.211,84.85,192716
Anger,Maggie Lindemann,53,0.507,0.88,5,-2.938,0,0.0461,0.0044,0.0176,0.367,0.469,151.936,198749
Anger,LUNA AURA,53,0.468,0.902,9,-4.838,1,0.132,0.0325,2.65e-06,0.0664,0.451,119.017,155680
Anger,Shelf Lives,41,0.608,0.781,7,-6.355,1,0.0621,0.000865,0.226,0.13,0.826,155.031,176907
Anger,Des Rocs,55,0.364,0.877,7,-3.922,1,0.107,0.0011,1.16e-05,0.348,0.382,157.675,224307
Anger,KID BRUNSWICK,48,0.552,0.78,5,-5.43,0,0.042,0.001,2.69e-06,0.284,0.354,104.042,183212
Anger,Kid Kapichi,46,0.776,0.796,0,-5.236,1,0.0806,0.00629,9.57e-06,0.0292,0.965,125.128,163560
Anger,Normandie,50,0.421,0.817,7,-4.951,0,0.162,0.00808,0.000615,0.755,0.522,194.992,245538
Anger,Cassyette,51,0.479,0.844,5,-5.055,1,0.103,0.00543,0.107,0.557,0.446,97.053,142737
Anger,The Hives,64,0.451,0.929,5,-5.021,1,0.0549,0.00109,0.00785,0.442,0.378,135.767,199760
Anger,Crawlers,52,0.521,0.679,8,-6.093,1,0.0892,0.0263,0.00122,0.0911,0.555,179.346,186787
Anger,VUKOVI,46,0.469,0.882,5,-4.702,1,0.068,6.29e-05,0.00483,0.318,0.298,135.055,269667
Anger,Sam Fender,45,0.587,0.823,1,-4.852,1,0.0456,0.104,4.91e-05,0.0998,0.73,156.048,186773
Anger,SOFT PLAY,53,0.627,0.861,1,-1.856,1,0.0509,0.000564,0.0,0.0312,0.623,122.133,153267
Anger,Trash Boat,48,0.44,0.9,0,-3.87,1,0.0679,0.000472,4.83e-06,0.11,0.467,85.47,225841
Anger,The Wombats,50,0.501,0.777,11,-7.002,0,0.0427,9.91e-05,0.000643,0.324,0.757,150.115,245320
Anger,Catfish and the Bottlemen,53,0.481,0.765,7,-4.025,1,0.0388,0.00381,0.000737,0.119,0.465,102.829,232960
Anger,Bob Vylan,46,0.67,0.903,6,-3.133,1,0.195,0.0358,2.86e-06,0.17,0.528,120.115,182407
Anger,Airways,43,0.65,0.659,2,-7.74,1,0.0349,0.0137,0.0718,0.284,0.733,91.999,187826
Anger,The XCERTS,41,0.591,0.698,1,-6.939,1,0.213,0.0226,0.0,0.387,0.764,159.914,100467
Anger,AS IT IS,48,0.411,0.95,11,-3.441,0,0.0547,0.00577,1.28e-05,0.625,0.658,166.058,131364
Anger,PVRIS,49,0.6,0.915,4,-2.087,0,0.0665,0.00593,0.00952,0.484,0.589,119.008,207000
Anger,The Amazons,41,0.535,0.754,7,-5.417,1,0.0396,0.000292,3.63e-06,0.367,0.335,118.954,237560
Anger,You Me At Six,48,0.547,0.987,1,-1.789,1,0.0807,0.00262,0.00024,0.31,0.5,135.014,128613
Anger,Nova Twins,43,0.578,0.948,0,-5.304,1,0.137,0.0208,0.000554,0.0746,0.392,88.568,161560
Anger,Master Peace,42,0.647,0.794,11,-3.825,0,0.049,0.000197,0.0708,0.0328,0.913,139.98,147536
Anger,Jean Dawson,46,0.564,0.875,6,-4.013,1,0.052,0.443,0.000158,0.0787,0.61,139.991,171842
Anger,Jack White,52,0.375,0.71,0,-8.665,1,0.267,0.000867,0.00628,0.104,0.559,97.335,214843
Anger,Wolf Alice,50,0.515,0.764,11,-5.238,1,0.0444,0.000152,0.878,0.064,0.342,93.579,196800
Anger,Barns Courtney,62,0.586,0.81,6,-7.287,0,0.0484,0.00275,2.95e-05,0.145,0.646,105.015,170523
Anger,Foals,58,0.231,0.919,2,-6.182,0,0.0722,0.00313,0.00442,0.0643,0.128,146.94,300720
Anger,Biffy Clyro,49,0.228,0.879,5,-4.326,1,0.0701,0.000141,8.7e-06,0.0484,0.352,145.418,248493
Anger,Connie Constance,39,0.459,0.707,1,-5.382,1,0.093,2.6e-05,0.491,0.263,0.465,165.014,137840
Anger,Cold War Kids,52,0.45,0.947,6,-3.608,0,0.207,0.00277,0.00027,0.286,0.298,118.701,171227
Anger,The Linda Lindas,45,0.639,0.95,2,-3.313,1,0.0609,3.91e-05,0.494,0.0605,0.898,150.05,155822
Anger,poutyface,45,0.573,0.723,6,-3.333,0,0.0571,0.00439,0.335,0.408,0.931,154.958,106741
Fear,Mr.Kitty,87,0.585,0.595,8,-10.444,1,0.0328,0.0696,0.266,0.0837,0.039,140.037,259147
Fear,salvia palth,84,0.529,0.353,7,-12.835,1,0.0292,0.788,0.853,0.116,0.0601,104.557,161463
Fear,Marie Madeleine,67,0.714,0.897,6,-5.469,0,0.0376,0.0126,0.901,0.0706,0.889,119.979,325852
Fear,Teen Suicide,70,0.566,0.613,5,-10.118,1,0.0874,0.714,0.799,0.0848,0.219,110.886,165672
Fear,sign crushes motorist,53,0.545,0.0415,2,-32.03,1,0.0367,0.988,0.884,0.111,0.138,120.089,200000
Fear,EKKSTACY,72,0.595,0.588,10,-11.313,1,0.0624,0.507,0.781,0.113,0.518,166.061,145634
Fear,Cocteau Twins,73,0.454,0.673,0,-13.425,1,0.0265,0.589,0.238,0.252,0.827,163.954,189040
Fear,Kate Bush,46,0.389,0.516,8,-13.892,0,0.0948,0.462,0.00218,0.122,0.158,127.572,258733
Fear,Ethel Cain,65,0.281,0.374,1,-10.678,0,0.0376,0.118,0.893,0.59,0.0349,87.783,383867
Fear,Softcult,50,0.539,0.77,11,-5.978,1,0.0337,0.00154,0.0019,0.508,0.207,110.048,187396
Fear,Wolf Alice,44,0.537,0.407,0,-9.657,1,0.0284,0.371,0.00704,0.144,0.208,86.009,243987
Fear,Lana Del Rey,72,0.287,0.43,5,-10.014,0,0.033,0.269,0.000579,0.32,0.109,93.984,295093
Fear,Penelope Scott,58,0.584,0.515,5,-11.997,1,0.039,0.255,2.9e-05,0.0991,0.469,90.007,199496
Fear,Sunken,49,0.648,0.644,2,-7.065,1,0.0301,0.00249,0.0115,0.393,0.364,122.001,213237
Fear,bdrmm,37,0.508,0.703,7,-10.675,0,0.0375,0.332,0.87,0.529,0.192,132.993,330880
Fear,The 1975,48,0.424,0.492,9,-8.505,0,0.0343,9.17e-05,0.745,0.0989,0.0971,119.99,283970
Fear,d4vd,92,0.571,0.544,6,-10.613,1,0.0299,0.453,0.00805,0.322,0.216,132.052,132631
Fear,Hether,32,0.692,0.149,7,-17.54,0,0.0368,0.793,0.774,0.105,0.352,129.857,191861
Fear,King Krule,57,0.607,0.493,11,-10.152,0,0.0315,0.278,0.745,0.213,0.188,99.973,127151
Fear,Ethan P. Flynn,34,0.661,0.263,4,-12.494,1,0.042,0.726,0.000756,0.102,0.124,100.125,182002
Fear,Montell Fish,76,0.228,0.427,0,-8.739,0,0.0363,0.752,0.0167,0.592,0.192,180.345,197333
Fear,alt-J,57,0.609,0.413,5,-11.407,1,0.0351,0.876,0.0239,0.0799,0.0697,130.969,238747
Fear,Elita,42,0.528,0.476,7,-11.059,1,0.0261,0.635,0.9,0.114,0.161,60.988,183423
Fear,Radiohead,47,0.548,0.527,5,-8.17,0,0.0282,0.0907,0.675,0.11,0.424,110.259,260733
Fear,Hania Rani,55,0.397,0.124,4,-16.319,0,0.0329,0.96,0.00682,0.109,0.071,113.449,299400
Fear,Johnny Goth,52,0.707,0.679,7,-8.036,1,0.0383,0.248,0.763,0.131,0.192,114.959,158593
Fear,Matt Maltese,45,0.374,0.249,1,-10.985,1,0.0395,0.936,0.00876,0.114,0.0633,128.018,200093
Fear,bdrmm,36,0.448,0.248,0,-10.965,1,0.0311,0.0202,0.816,0.109,0.0357,139.975,282377
Fear,deathcrash,24,0.58,0.321,7,-10.052,1,0.0438,0.109,0.757,0.125,0.179,132.186,219133
Fear,Ex:Re,38,0.652,0.227,1,-12.242,0,0.0273,0.741,0.0319,0.099,0.105,60.556,327541
Fear,Pretty Sick,49,0.238,0.875,2,-4.715,1,0.0656,0.00245,0.157,0.146,0.299,120.363,239519
Fear,NewDad,50,0.62,0.58,10,-9.952,1,0.0258,0.799,0.919,0.114,0.503,119.977,198427
Fear,Glass Animals,73,0.487,0.369,11,-13.424,0,0.0406,0.736,3.75e-05,0.0925,0.106,183.114,289307
Fear,Palehound,44,0.611,0.402,11,-8.003,0,0.0278,0.528,0.0,0.118,0.464,90.023,144404
Fear,Creams,30,0.83,0.457,2,-7.897,1,0.0585,0.118,0.000597,0.152,0.256,114.984,245125
Fear,The xx,44,0.68,0.391,11,-11.754,0,0.032,0.509,0.186,0.122,0.137,122.006,216853
Fear,"Black Country, New Road",60,0.376,0.451,11,-8.276,1,0.0327,0.402,4.13e-05,0.128,0.164,123.344,433360
Fear,Black Honey,30,0.242,0.717,4,-6.107,1,0.0624,0.102,2e-05,0.259,0.145,79.566,205704
Fear,Orchid Mantis,42,0.51,0.752,8,-3.218,1,0.0334,0.208,0.0304,0.386,0.357,99.951,307069
Fear,Xowie Jones,44,0.667,0.665,1,-5.368,1,0.0282,0.0123,0.0,0.65,0.493,121.008,119396
Fear,Pretty Sick,47,0.482,0.583,10,-10.223,1,0.0555,0.457,0.283,0.144,0.249,112.964,273361
Fear,Lankum,31,0.246,0.148,0,-9.08,1,0.0375,0.0352,0.00177,0.164,0.0326,138.586,518747
Fear,doubleVee,39,0.661,0.622,11,-8.834,0,0.0278,0.302,0.00188,0.357,0.593,103.018,205787
Fear,Aoife Wolf,27,0.283,0.48,11,-11.635,0,0.0351,0.665,0.837,0.114,0.755,203.639,237000
Fear,Jane Remover,35,0.352,0.46,8,-12.426,0,0.0443,0.915,1.88e-06,0.11,0.212,126.739,158733
Fear,Nuha Ruby Ra,25,0.35,0.503,9,-8.903,1,0.0352,0.0666,0.806,0.122,0.569,91.643,319440
Fear,Horsey,41,0.262,0.479,9,-9.545,1,0.0488,0.0717,0.666,0.15,0.0499,76.647,265879
Fear,Philip Selway,14,0.415,0.401,10,-7.569,0,0.0263,0.0559,0.335,0.105,0.0395,84.979,357029
Fear,Gia Ford,41,0.697,0.363,2,-8.213,1,0.0334,0.104,0.00717,0.122,0.301,85.524,204029
Fear,Dry Cleaning,34,0.336,0.143,4,-16.834,0,0.0367,0.807,0.942,0.103,0.0384,86.079,136653
Fear,Strawberry Guy,74,0.539,0.461,11,-7.674,1,0.0279,0.457,0.903,0.072,0.436,128.635,234000
Fear,mui zyu,29,0.132,0.306,7,-14.573,1,0.0392,0.842,0.362,0.0799,0.135,73.043,256811
Fear,Johnny Goth,44,0.437,0.636,10,-6.312,1,0.0267,0.0138,0.0346,0.162,0.127,79.996,233969
Fear,Chakra Efendi,24,0.563,0.69,0,-7.537,0,0.0502,0.873,0.0735,0.597,0.382,180.068,184000
Fear,bloody/bath,33,0.407,0.534,9,-8.778,1,0.0266,0.0375,0.973,0.0978,0.21,180.017,250125
Fear,mui zyu,26,0.49,0.206,8,-15.267,0,0.0394,0.955,0.186,0.0991,0.0391,97.759,117547
Fear,The National,42,0.745,0.789,6,-7.132,1,0.0917,0.281,0.769,0.108,0.744,120.061,174173
Fear,Nightbus,38,0.713,0.606,9,-11.426,0,0.101,0.0461,0.106,0.101,0.45,140.081,162000
Fear,PVA,31,0.596,0.784,11,-6.456,0,0.0456,0.00125,0.188,0.12,0.13,120.09,340813
Fear,Marika Hackman,48,0.52,0.583,9,-10.085,0,0.0311,0.433,0.0203,0.197,0.236,98.987,215729
Fear,DIIV,48,0.378,0.611,9,-6.396,1,0.0335,0.000916,0.862,0.11,0.159,139.895,268800
Fear,Grouper,54,0.458,0.309,2,-14.186,1,0.0283,0.909,0.956,0.118,0.0556,106.006,173027
Fear,Depeche Mode,49,0.433,0.778,4,-6.348,0,0.0892,0.206,0.53,0.159,0.236,82.512,316900
Fear,Angel Olsen,57,0.214,0.182,8,-13.538,1,0.0368,0.919,0.00465,0.113,0.104,143.171,174867
Fear,White Flowers,34,0.45,0.345,4,-11.36,1,0.026,0.513,0.0401,0.198,0.136,83.486,233556
Fear,Wilted Flower,26,0.385,0.585,2,-11.248,0,0.262,0.425,0.000442,0.57,0.608,125.734,217000
Fear,Let's Eat Grandma,35,0.515,0.55,5,-9.66,1,0.0273,0.551,0.935,0.113,0.221,100.052,339173
Fear,mehro,53,0.624,0.382,7,-9.126,1,0.0297,0.725,0.000405,0.091,0.401,123.955,153916
Fear,Laundromat,28,0.337,0.349,10,-9.75,1,0.0325,0.839,0.857,0.105,0.13,80.092,241444
Fear,Japanese Breakfast,42,0.41,0.15,7,-11.945,1,0.0296,0.954,0.013,0.11,0.0562,69.267,237333
Fear,Dehd,40,0.503,0.467,9,-6.682,1,0.0289,0.0675,0.00097,0.128,0.306,102.731,177317
Fear,Low,34,0.235,0.388,10,-14.168,1,0.0725,0.935,0.962,0.108,0.0309,160.024,382675
Fear,Nabihah Iqbal,41,0.438,0.841,4,-5.503,1,0.0424,0.00516,0.601,0.128,0.415,135.014,233600
Fear,Sufjan Stevens,46,0.675,0.499,9,-9.505,0,0.0271,0.83,0.000241,0.095,0.434,94.985,309787
Fear,VOID,34,0.32,0.44,8,-12.231,1,0.0342,0.0757,0.868,0.132,0.0739,104.097,179805
Fear,black midi,50,0.605,0.678,11,-6.662,1,0.11,0.0256,0.00121,0.143,0.347,89.06,296747
Fear,Bleach Lab,40,0.512,0.465,5,-10.397,1,0.026,0.332,0.849,0.106,0.355,95.029,228017
Fear,Fat White Family,38,0.242,0.707,0,-6.018,1,0.049,0.0179,0.12,0.12,0.201,156.048,342539
Fear,LICE,22,0.749,0.569,10,-12.844,0,0.0493,0.274,0.896,0.115,0.891,119.976,165400
Fear,Daniel Spaleniak,32,0.479,0.647,7,-6.376,0,0.0261,0.43,0.794,0.17,0.43,89.993,177801
Fear,Wyldest,23,0.264,0.278,7,-11.145,1,0.0366,0.747,0.381,0.101,0.0911,116.719,256107
Fear,Kele,38,0.547,0.409,11,-8.835,0,0.0248,0.921,0.832,0.105,0.12,92.094,262040
Fear,Plastic Mermaids,24,0.551,0.534,2,-4.636,1,0.0288,0.0681,0.00162,0.109,0.3,134.106,340410
Fear,Bright Eyes,34,0.529,0.579,8,-9.311,1,0.0296,0.281,0.12,0.106,0.59,93.282,216584
Fear,Crippled Black Phoenix,36,0.493,0.727,4,-7.763,0,0.0475,0.000152,0.625,0.333,0.256,120.002,491180
Fear,Emily Jane White,30,0.327,0.47,1,-11.316,0,0.0277,0.761,0.833,0.148,0.121,79.571,279000
Fear,The Murder Capital,37,0.45,0.4,9,-7.82,1,0.0302,0.0764,0.85,0.104,0.092,99.542,241332
Fear,Just Mustard,45,0.441,0.75,4,-6.886,1,0.0351,0.0617,0.00216,0.306,0.502,97.107,312400
Fear,Black Marble,45,0.53,0.634,6,-8.984,1,0.0383,0.00536,0.939,0.089,0.652,166.899,256000
Fear,Bnny,30,0.575,0.24,4,-13.156,1,0.0277,0.818,0.431,0.101,0.158,81.75,209923
Fear,"Black Country, New Road",28,0.502,0.379,2,-14.936,1,0.0387,0.894,0.877,0.118,0.323,173.021,284480
Fear,Drug Store Romeos,28,0.698,0.483,9,-9.334,1,0.0301,0.458,0.874,0.275,0.279,133.978,184147
Fear,Baba Ali,17,0.612,0.76,6,-6.827,0,0.0408,0.0562,0.0131,0.112,0.337,98.002,307680
Fear,dandelion hands,53,0.35,0.1,4,-18.491,1,0.0328,0.989,0.545,0.11,0.135,108.74,167126
Fear,Chartreuse,25,0.298,0.283,0,-9.657,1,0.0428,0.633,8.93e-05,0.0828,0.146,59.859,222973
Fear,Runah,22,0.54,0.538,9,-8.097,1,0.0375,0.349,0.000858,0.103,0.252,120.07,248272
Fear,Vanishing Twin,26,0.634,0.676,5,-10.473,1,0.0388,0.14,0.726,0.0937,0.667,166.567,172893
Fear,Eleanor Collides,24,0.315,0.545,7,-8.864,1,0.0273,0.0165,0.00066,0.655,0.329,78.906,254810
Fear,Cherry Glazerr,23,0.586,0.854,9,-6.023,1,0.0632,0.066,7.04e-05,0.0836,0.328,119.988,210653
Fear,deep tan,27,0.845,0.42,4,-8.967,1,0.0388,0.57,0.31,0.247,0.501,141.96,185993
Focus,Sun Of They,66,0.577,0.0721,2,-22.973,1,0.0317,0.981,0.898,0.111,0.242,73.998,151917
Focus,Imala Zir,65,0.467,0.243,11,-22.534,1,0.0332,0.842,0.947,0.115,0.0541,75.031,158000
Focus,Imber Sun,64,0.442,0.112,2,-18.687,1,0.0415,0.985,0.919,0.111,0.111,112.206,126986
Focus,Far & Beyond,64,0.509,0.212,6,-23.342,1,0.0305,0.843,0.853,0.111,0.0711,84.0,143500
Focus,Josef Briem,64,0.346,0.0513,7,-20.528,1,0.0432,0.954,0.895,0.105,0.058,129.445,183500
Focus,Shape Of Our Dreams,63,0.378,0.0973,3,-20.7,1,0.0418,0.955,0.94,0.115,0.0564,118.209,154992
Focus,Amaranth Cove,64,0.529,0.214,6,-19.268,1,0.0315,0.8,0.907,0.109,0.0903,124.069,149000
Focus,PLACID,63,0.437,0.189,9,-11.221,0,0.0287,0.479,0.718,0.118,0.13,71.407,105957
Focus,Haltura Arnadottir,63,0.513,0.0646,0,-21.471,1,0.0352,0.964,0.828,0.0967,0.135,74.906,169567
Focus,Noonie Moon,60,0.581,0.083,10,-20.563,0,0.0348,0.994,0.965,0.107,0.157,78.967,115443
Focus,Auðura,58,0.517,0.0377,5,-24.575,1,0.034,0.972,0.894,0.109,0.0699,79.983,125438
Focus,Sun Of They,60,0.46,0.188,1,-22.21,0,0.0333,0.944,0.817,0.108,0.075,74.04,186010
Focus,Josef Briem,61,0.587,0.101,6,-19.363,0,0.035,0.895,0.915,0.111,0.167,74.047,178300
Focus,Woven Hearts,62,0.614,0.109,11,-18.283,0,0.0471,0.913,0.905,0.11,0.158,148.072,165459
Focus,Agnes Lundh,60,0.5,0.0744,7,-20.888,1,0.0381,0.959,0.93,0.11,0.0828,65.364,163917
Focus,William Reed,61,0.498,0.119,0,-20.206,1,0.0286,0.874,0.942,0.111,0.0532,74.921,136258
Focus,Josef Briem,61,0.521,0.119,10,-18.879,1,0.0364,0.976,0.878,0.113,0.163,59.008,153878
Focus,Pireas,61,0.575,0.0605,1,-19.301,0,0.0644,0.994,0.924,0.104,0.267,146.405,107906
Focus,Spaced Out Dreams,60,0.316,0.0899,0,-22.09,1,0.0458,0.864,0.845,0.112,0.0903,73.709,137365
Focus,Agnes Lundh,53,0.58,0.0541,10,-20.988,0,0.0312,0.978,0.896,0.111,0.208,147.79,165260
Focus,Silver Falls,60,0.352,0.074,4,-23.149,0,0.0303,0.98,0.879,0.107,0.116,71.46,163831
Focus,San Bernadino 5,59,0.528,0.103,5,-21.485,1,0.0324,0.838,0.868,0.114,0.0896,84.035,124286
Focus,Tiger Throws,60,0.452,0.0314,11,-23.602,0,0.0399,0.911,0.918,0.119,0.0507,78.082,140525
Focus,Nomad Spector,59,0.599,0.209,1,-19.438,1,0.0374,0.898,0.843,0.112,0.125,139.926,150718
Focus,Space Access,60,0.621,0.136,9,-26.077,0,0.0396,0.859,0.906,0.111,0.131,140.068,132500
Focus,Imber Sun,59,0.536,0.189,2,-17.024,1,0.0394,0.858,0.897,0.111,0.122,73.964,161316
Focus,Garden Collective,59,0.594,0.0979,2,-16.918,1,0.0379,0.978,0.931,0.112,0.191,133.627,192592
Focus,Equanimity Seekers,59,0.617,0.127,11,-17.301,0,0.0386,0.956,0.707,0.111,0.198,116.099,128000
Focus,Gate.74,59,0.653,0.134,4,-19.707,1,0.062,0.836,0.876,0.0908,0.0937,120.033,157681
Focus,Far & Beyond,59,0.542,0.106,0,-20.175,1,0.0389,0.955,0.947,0.0812,0.141,67.994,178599
Focus,Humasnó,59,0.591,0.0949,6,-15.708,0,0.0462,0.967,0.902,0.103,0.146,136.406,121765
Focus,Naómi Sun,58,0.605,0.055,10,-22.641,0,0.0313,0.95,0.907,0.113,0.139,74.966,135700
Focus,Sun Of They,58,0.392,0.194,5,-16.216,0,0.034,0.98,0.91,0.118,0.179,108.663,182434
Focus,Sisters Of Marks,58,0.646,0.153,5,-20.776,1,0.0362,0.946,0.821,0.207,0.124,92.699,165724
Focus,Dreams Ahead,58,0.551,0.128,2,-16.382,1,0.0316,0.927,0.937,0.105,0.0828,74.934,184231
Focus,Ben Tofft,58,0.665,0.0654,11,-18.799,0,0.0466,0.963,0.901,0.111,0.299,127.191,131519
Focus,Haltura Arnadottir,58,0.476,0.064,11,-17.377,0,0.0411,0.939,0.872,0.109,0.146,73.825,193417
Focus,Dance Of Centuries,57,0.525,0.0856,0,-16.351,1,0.0395,0.976,0.865,0.118,0.121,74.038,150088
Focus,Lykke Juno,57,0.544,0.224,9,-12.71,0,0.0422,0.894,0.95,0.122,0.0998,68.989,118261
Focus,Broken Legacy,57,0.756,0.0881,9,-19.834,0,0.0501,0.94,0.911,0.111,0.165,124.082,200235
Focus,Wimmel,57,0.413,0.0324,5,-25.884,1,0.0273,0.922,0.855,0.0946,0.0727,74.943,166599
Focus,bonecatcher,57,0.586,0.0459,3,-21.804,1,0.0311,0.984,0.936,0.128,0.0674,75.0,149600
Focus,Spaced Out Dreams,57,0.595,0.13,0,-19.655,1,0.034,0.97,0.868,0.111,0.181,100.93,162902
Focus,Dreams Ahead,57,0.555,0.0712,5,-17.961,1,0.0373,0.98,0.738,0.111,0.251,67.075,150558
Focus,Philó,56,0.465,0.0375,4,-22.686,0,0.0352,0.921,0.853,0.096,0.0796,85.019,156130
Focus,Pireas,57,0.616,0.171,10,-17.482,0,0.0405,0.993,0.929,0.11,0.213,84.064,140804
Focus,Joy Parade,56,0.406,0.103,2,-17.993,1,0.0408,0.972,0.9,0.112,0.182,67.543,146867
Focus,Sisters Of Marks,56,0.489,0.185,2,-21.407,0,0.0282,0.762,0.893,0.111,0.135,149.927,181256
Focus,Serenity Within,56,0.546,0.132,11,-18.227,0,0.0344,0.636,0.903,0.135,0.15,130.016,156753
Focus,Far & Beyond,56,0.321,0.113,10,-17.222,1,0.0376,0.959,0.924,0.11,0.152,67.401,144404
Focus,Imber Sun,55,0.317,0.0992,4,-20.105,1,0.0301,0.891,0.863,0.111,0.15,95.929,131592
Focus,Miller & Bronx,55,0.577,0.0406,11,-21.477,1,0.0482,0.965,0.873,0.11,0.297,149.851,161698
Focus,Lykke Juno,55,0.508,0.209,11,-16.211,0,0.0288,0.988,0.882,0.108,0.112,138.097,111304
Focus,Sometimes We Fall,55,0.469,0.0737,2,-22.375,1,0.0413,0.969,0.922,0.111,0.204,144.04,163656
Focus,Josef Briem,55,0.492,0.038,0,-23.197,1,0.0378,0.94,0.897,0.111,0.265,74.866,134783
Focus,Joy Parade,55,0.55,0.0907,6,-16.55,1,0.0348,0.994,0.928,0.111,0.135,83.041,124854
Focus,June Wysh,55,0.463,0.114,1,-17.919,0,0.0297,0.932,0.88,0.107,0.0681,149.941,135400
Focus,Nomad Spector,55,0.476,0.104,11,-20.96,0,0.0296,0.932,0.894,0.111,0.0386,70.003,205795
Focus,Hers Lake,55,0.388,0.0247,7,-22.376,1,0.042,0.978,0.911,0.111,0.336,78.486,149973
Focus,Imber Sun,54,0.526,0.0732,7,-19.831,1,0.034,0.926,0.869,0.149,0.131,90.815,147767
Focus,GLADE,54,0.493,0.217,4,-14.367,1,0.0288,0.827,0.777,0.0977,0.134,107.103,116636
Focus,Space Access,54,0.604,0.216,11,-18.172,0,0.0412,0.873,0.863,0.111,0.0708,72.029,167820
Focus,Isaak Young,54,0.297,0.0991,11,-20.172,0,0.0393,0.92,0.897,0.111,0.171,35.366,174542
Focus,Tim Gourolis,54,0.302,0.127,9,-19.69,0,0.0386,0.905,0.91,0.0965,0.137,109.262,192047
Focus,Sounds of Ellinia,54,0.499,0.218,11,-17.352,1,0.037,0.863,0.903,0.111,0.172,140.109,144857
Focus,Philó,54,0.482,0.0432,5,-23.186,1,0.0316,0.935,0.856,0.111,0.0775,75.033,167582
Focus,The Aiko,54,0.496,0.134,3,-15.87,1,0.0293,0.984,0.936,0.107,0.0537,64.96,136765
Focus,ARCADIA,54,0.559,0.176,4,-15.088,0,0.0325,0.298,0.856,0.181,0.0473,106.999,125607
Focus,Stones Sailing,54,0.454,0.0699,4,-20.839,0,0.0516,0.264,0.889,0.108,0.0858,64.443,174753
Focus,Eroded Sky,53,0.668,0.122,1,-17.167,0,0.0539,0.279,0.473,0.0883,0.433,120.07,205000
Focus,Dreams Ahead,53,0.548,0.0525,6,-21.708,0,0.0472,0.86,0.672,0.0865,0.135,73.959,139567
Focus,Garden Collective,53,0.454,0.119,11,-21.969,1,0.0305,0.964,0.905,0.11,0.104,75.959,146496
Focus,Spaced Out Dreams,53,0.296,0.0604,7,-19.685,1,0.0393,0.971,0.896,0.111,0.15,81.874,135417
Focus,Tall Towers,53,0.378,0.0684,8,-19.494,1,0.0413,0.985,0.915,0.107,0.134,77.328,145603
Focus,The Field Tapes,54,0.448,0.0722,0,-20.913,1,0.0409,0.5,0.724,0.075,0.22,110.018,106290
Focus,Akustique,53,0.665,0.12,9,-20.333,0,0.0358,0.925,0.899,0.111,0.147,99.958,141613
Focus,Alderville,53,0.394,0.0985,5,-22.02,1,0.0338,0.92,0.875,0.142,0.105,139.833,145286
Focus,Agnes Lundh,53,0.552,0.109,5,-19.68,0,0.0326,0.98,0.944,0.119,0.0847,92.038,143579
Focus,Echo Ark,53,0.634,0.306,11,-18.009,0,0.0353,0.981,0.949,0.106,0.279,71.015,155574
Focus,Josef Briem,53,0.632,0.0535,9,-19.569,0,0.0378,0.984,0.909,0.115,0.189,85.004,162126
Focus,Spaced Out Dreams,53,0.354,0.129,0,-18.357,1,0.0356,0.913,0.921,0.0827,0.0762,70.841,160684
Focus,Shape Of Our Dreams,52,0.699,0.0356,2,-20.645,0,0.0432,0.965,0.925,0.113,0.326,97.045,164454
Focus,Far & Beyond,52,0.6,0.0793,2,-20.648,1,0.0372,0.92,0.929,0.117,0.116,89.907,144209
Focus,Astronaut In The Desert,53,0.255,0.00954,2,-27.838,1,0.04,0.99,0.806,0.0992,0.225,71.052,155077
Focus,Joy Parade,52,0.607,0.124,9,-18.633,0,0.0329,0.945,0.839,0.113,0.0805,97.094,139212
Focus,Tall Towers,52,0.421,0.059,2,-22.33,0,0.0384,0.934,0.888,0.115,0.158,75.984,135599
Focus,PLACID,52,0.484,0.316,2,-11.538,1,0.0367,0.0603,0.885,0.145,0.0385,107.156,103178
Focus,Hers Lake,52,0.611,0.0622,4,-21.731,0,0.0379,0.95,0.928,0.111,0.0602,73.04,147558
Focus,Melvin Barker,52,0.243,0.0727,3,-22.296,1,0.0297,0.857,0.874,0.107,0.151,81.579,222992
Focus,Isaak Young,52,0.597,0.115,7,-18.215,1,0.0373,0.954,0.923,0.11,0.13,97.044,190820
Focus,Imber Sun,52,0.426,0.101,7,-18.238,0,0.0367,0.962,0.943,0.109,0.0626,78.734,166891
Focus,Far & Beyond,52,0.516,0.108,0,-20.004,1,0.042,0.962,0.907,0.11,0.116,76.987,155225
Focus,Sounds of Ellinia,52,0.534,0.0458,4,-23.414,0,0.0372,0.99,0.941,0.104,0.0405,129.818,155077
Focus,Dance Of Centuries,52,0.311,0.0541,2,-21.289,1,0.0486,0.994,0.926,0.112,0.281,59.549,139072
Focus,Haltura Arnadottir,52,0.584,0.0374,7,-22.862,1,0.0418,0.969,0.884,0.112,0.173,116.88,167525
Focus,Dreams Ahead,52,0.461,0.0611,0,-20.555,1,0.044,0.962,0.93,0.112,0.133,120.815,195122
Focus,Agnes Lundh,51,0.597,0.127,5,-17.192,0,0.037,0.991,0.929,0.126,0.135,70.051,152597
Focus,Joy Parade,51,0.389,0.181,10,-18.82,1,0.0297,0.874,0.905,0.116,0.111,73.869,163232
Focus,Tall Towers,51,0.487,0.143,0,-17.674,1,0.04,0.981,0.904,0.115,0.16,73.548,143872
Focus,Imala Zir,51,0.348,0.0549,4,-21.011,0,0.0358,0.989,0.92,0.108,0.237,76.177,168185
